{"accuracy": [0.7911764979362488, 1.0, 1.0, 1.0, 1.0, 0.9941176176071167, 0.9970588088035583, 0.9617646932601929, 0.9911764860153198, 1.0, 1.0, 1.0, 0.9911764860153198, 0.908823549747467, 0.9529411792755127, 1.0, 1.0, 1.0, 1.0, 1.0, 0.9911764860153198, 0.9852941036224365, 1.0, 1.0, 1.0, 1.0, 1.0, 1.0, 1.0, 1.0, 1.0, 1.0, 1.0, 1.0, 1.0], "loss": [0.6638360619544983, 0.00018923828611150384, 8.519927519046178e-08, 1.1278316378593445e-05, 1.4024588601557753e-08, 0.028199534863233566, 0.009469644166529179, 0.2233058214187622, 0.034219857305288315, 0.000973124522715807, 2.405678515060572e-06, 6.95259659551084e-05, 0.1974298357963562, 0.4166129529476166, 0.21585316956043243, 0.013291614130139351, 0.003401595400646329, 0.011306392028927803, 0.0047975205816328526, 0.0005240187747403979, 0.26202574372291565, 0.037247102707624435, 0.0015287022106349468, 0.0017190205398947, 0.001624204684048891, 4.0641101804794744e-05, 4.991615787730552e-05, 7.012310176968128e-10, 1.7530774609753053e-09, 7.538137225537866e-08, 1.2657130810111994e-07, 3.506155088484064e-10, 3.341111369081773e-05, 8.988504873741476e-07, 8.400423325838346e-07], "val_accuracy": [0.25, 0.25, 0.25, 0.25, 0.25, 0.5, 0.2666666805744171, 0.5, 0.46666666865348816, 0.25, 0.25, 0.2666666805744171, 0.5, 0.25, 0.5, 0.699999988079071, 0.699999988079071, 0.7333333492279053, 0.75, 0.75, 0.25, 0.25, 0.25, 0.25, 0.25, 0.25, 0.25, 0.25, 0.25, 0.25, 0.25, 0.25, 0.25, 0.25, 0.25], "val_loss": [25.33115577697754, 58.95181655883789, 61.906394958496094, 59.72653579711914, 58.399349212646484, 69.87117767333984, 113.55850982666016, 48.91059494018555, 63.16502380371094, 56.53136444091797, 53.73152542114258, 53.93731689453125, 73.01627349853516, 140.23971557617188, 19.212032318115234, 25.36009979248047, 29.697330474853516, 28.629865646362305, 28.992252349853516, 30.528575897216797, 240.90228271484375, 235.12460327148438, 272.00262451171875, 293.8872375488281, 300.3511047363281, 301.2010498046875, 300.3013000488281, 298.6188659667969, 297.0660705566406, 295.43255615234375, 293.8009338378906, 292.154296875, 289.9710388183594, 288.01263427734375, 286.1256103515625]}