{"accuracy": [0.7670623064041138, 0.9495549201965332, 0.9554896354675293, 0.9673590660095215, 0.9792284965515137, 0.9599406719207764, 0.9836795330047607, 0.9554896354675293, 0.9821958541870117, 0.9821958541870117, 0.8783382773399353, 0.9807121753692627, 0.922848641872406, 0.8753709197044373, 0.9302670359611511, 0.9094955325126648, 0.9569733142852783, 0.8664688467979431, 0.9525222778320312, 0.9732937812805176], "loss": [0.7681193947792053, 0.30976402759552, 0.1436004936695099, 0.1778789609670639, 0.10227465629577637, 0.1743302047252655, 0.05572843179106712, 0.3890560567378998, 0.1006009578704834, 0.09740547835826874, 0.3924781382083893, 0.0893205851316452, 1.5403788089752197, 0.3688271939754486, 0.3370988070964813, 0.21481241285800934, 0.38054829835891724, 0.7310928702354431, 0.20473523437976837, 0.2921128571033478], "val_accuracy": [0.347457617521286, 0.39830508828163147, 0.29661017656326294, 0.23728813230991364, 0.26271185278892517, 0.23728813230991364, 0.32203391194343567, 0.38983049988746643, 0.20338982343673706, 0.4576271176338196, 0.23728813230991364, 0.11016949266195297, 0.23728813230991364, 0.23728813230991364, 0.27966102957725525, 0.2288135588169098, 0.1525423675775528, 0.2118644118309021, 0.19491524994373322, 0.16949152946472168], "val_loss": [10.06718921661377, 11.033088684082031, 15.995363235473633, 24.275062561035156, 16.41230583190918, 22.471914291381836, 15.282837867736816, 18.532251358032227, 19.490217208862305, 7.248460292816162, 18.330337524414062, 133.75704956054688, 66.08670043945312, 53.926204681396484, 11.302445411682129, 47.39168167114258, 39.92849349975586, 17.062252044677734, 25.205713272094727, 16.22109603881836]}