{"accuracy": [0.7831325531005859, 0.9839357137680054, 0.9959839582443237, 0.9959839582443237, 0.9959839582443237, 0.9437751173973083, 0.9558233022689819, 0.9879518151283264, 1.0, 0.9959839582443237, 0.9959839582443237, 0.9879518151283264, 0.9919678568840027, 0.9919678568840027, 0.9799196720123291, 0.9879518151283264, 0.9959839582443237, 0.9919678568840027, 1.0, 1.0, 1.0, 1.0, 0.9959839582443237, 1.0, 1.0, 0.9959839582443237, 0.9919678568840027, 0.9919678568840027, 1.0, 0.9718875288963318, 0.9919678568840027, 1.0, 0.9959839582443237, 0.9879518151283264, 1.0], "loss": [0.7362926602363586, 0.03564395755529404, 0.015342269092798233, 0.01896989531815052, 0.011792202480137348, 0.4828272759914398, 0.19633661210536957, 0.04030577838420868, 0.0029455835465341806, 0.04563099890947342, 0.012870511040091515, 0.14628523588180542, 0.024066651239991188, 0.019075240939855576, 0.05468210205435753, 0.037375226616859436, 0.011051936075091362, 0.010388512164354324, 0.008071264252066612, 0.004146091639995575, 0.0040271892212331295, 0.003540356643497944, 0.004954804666340351, 0.0028029868844896555, 0.0011864813277497888, 0.004595025908201933, 0.11160489916801453, 0.019290389493107796, 0.005720831453800201, 0.2629260718822479, 0.05629806965589523, 0.010871621780097485, 0.005758981220424175, 0.06780998408794403, 0.012032588943839073], "val_accuracy": [0.4651162922382355, 0.604651153087616, 0.5581395626068115, 0.5581395626068115, 0.5813953280448914, 0.6279069781303406, 0.6511628031730652, 0.5813953280448914, 0.5581395626068115, 0.5581395626068115, 0.5581395626068115, 0.3255814015865326, 0.3255814015865326, 0.3255814015865326, 0.3255814015865326, 0.3255814015865326, 0.3255814015865326, 0.3255814015865326, 0.3255814015865326, 0.3255814015865326, 0.3255814015865326, 0.3255814015865326, 0.3255814015865326, 0.3255814015865326, 0.3255814015865326, 0.3255814015865326, 0.4883720874786377, 0.5581395626068115, 0.3488371968269348, 0.3255814015865326, 0.3255814015865326, 0.3255814015865326, 0.3255814015865326, 0.5581395626068115, 0.5813953280448914], "val_loss": [2.134457588195801, 2.388671636581421, 4.4426069259643555, 6.459753036499023, 11.630188941955566, 14.663128852844238, 4.444724082946777, 20.864177703857422, 28.097091674804688, 14.817267417907715, 20.21882438659668, 71.49751281738281, 112.4790267944336, 113.37091064453125, 106.29843139648438, 102.01429748535156, 95.59933471679688, 96.85433197021484, 96.94271087646484, 96.7431640625, 96.28199768066406, 96.00786590576172, 95.08540344238281, 93.89835357666016, 92.91376495361328, 82.7752456665039, 59.216468811035156, 63.660099029541016, 102.26325225830078, 74.42068481445312, 64.1175765991211, 79.01842498779297, 91.87267303466797, 16.144025802612305, 38.53167724609375]}